woman_id|neoadjuvant_therapy_response_mp_cd|neoadjuvant_therapy_response_rcb_cd|ypt_cd|ypn_cd|ypm_cd|recurrence_date_dt|recurrence_bl|recurrence_site_cd|last_followup_contact_dt
defetiscor|935|216|846|739|556|2016-05-03|false|110|2020-08-03
versus|8|768|595|842|919|2025-03-12|true|988|2024-03-04
anser|540|476|706|549|451|2016-10-24|true|390|2019-06-12
textor|583|333|746|67|757|2023-09-04|false|128|2019-01-13
aiunt|36|76|321|345|33|2017-12-11|false|961|2020-05-24
contigo|906|309|404|149|696|2017-06-29|false|185|2017-06-06
cunae|728|104|33|935|1|2023-08-19|false|783|2024-07-27
sequi|504|993|807|640|844|2025-07-28|false|725|2025-04-20
auditor|555|206|592|123|266|2022-04-13|false|160|2023-05-08
nam|32|535|833|984|972|2022-01-12|false|502|2016-05-26
traho|900|838|889|496|292|2020-06-18|false|726|2019-02-05
aegrus|408|257|428|913|692|2024-09-16|false|4|2018-03-29
attero|889|735|278|343|77|2025-03-08|true|751|2024-02-05
pauper|329|963|48|541|891|2018-12-28|true|342|2023-01-10
contigo|54|462|460|33|905|2023-11-11|true|618|2018-08-03
ambulo|585|818|100|218|62|2021-11-18|false|232|2023-11-30
ventus|673|351|450|70|478|2022-09-05|true|692|2021-06-21
suspendo|406|876|182|221|200|2021-10-27|false|339|2023-11-03
stultus|465|421|567|375|784|2020-01-19|true|966|2019-03-28
aequitas|634|85|760|961|655|2023-04-23|false|459|2025-11-14
reprehenderit|273|658|134|123|653|2020-11-09|true|665|2018-10-24
angustus|164|438|14|216|470|2017-09-28|false|124|2023-09-17
advoco|300|1|301|772|195|2016-09-01|false|644|2023-08-24
animus|893|643|737|658|201|2021-01-23|true|723|2016-07-10
amor|505|10|482|928|257|2020-04-09|true|704|2016-11-06
ustulo|770|329|817|341|387|2025-12-26|false|536|2019-07-15
conservo|264|267|464|762|203|2021-03-01|false|680|2025-07-09
cui|17|612|665|453|371|2019-10-27|true|61|2019-11-10
claro|665|699|652|887|701|2018-10-09|true|944|2025-10-09
curvo|145|303|959|898|299|2022-03-16|false|67|2021-11-10
comptus|570|214|121|722|805|2017-04-03|true|547|2019-02-02
iure|536|724|162|694|185|2026-02-07|false|765|2025-09-28
sponte|483|277|564|93|836|2018-06-02|false|417|2024-12-05
adulatio|4|972|734|263|392|2020-07-10|false|660|2023-03-17
attollo|523|780|213|57|675|2025-01-07|false|755|2017-11-14
inflammatio|275|210|683|338|761|2018-07-01|false|470|2021-08-30
capto|111|727|708|656|266|2024-03-03|false|335|2021-12-21
doloribus|414|692|827|250|748|2021-11-08|true|117|2018-04-22
clarus|85|523|672|154|562|2018-07-13|false|478|2022-01-16
deinde|869|384|849|812|158|2016-08-10|true|979|2025-07-02
numquam|83|667|453|246|345|2016-09-23|false|713|2022-05-28
cauda|269|487|296|240|359|2024-02-22|true|555|2018-12-01
undique|102|490|633|460|433|2016-05-30|true|258|2016-05-15
doloribus|763|800|836|253|273|2017-06-27|true|451|2017-06-21
virga|641|819|66|563|76|2021-12-23|true|299|2020-11-18
atque|356|190|224|267|97|2024-11-02|false|259|2024-05-10
tertius|997|334|321|57|921|2019-02-23|false|120|2019-12-23
consectetur|555|711|77|941|630|2019-02-14|false|403|2024-10-22
comburo|613|589|235|213|15|2017-11-21|false|921|2016-11-23
ars|36|497|149|26|356|2025-06-12|false|756|2017-04-07
speciosus|793|758|110|465|315|2025-11-26|true|428|2023-06-25
consequatur|442|372|831|686|499|2019-03-28|false|574|2025-03-22
autus|244|386|891|405|694|2020-08-13|true|516|2021-08-10
aufero|661|535|394|526|398|2021-05-03|true|113|2023-10-24
cicuta|184|160|973|985|612|2016-11-28|false|994|2019-02-24
accusantium|248|816|692|329|952|2021-08-28|false|332|2023-06-26
cubicularis|130|181|753|913|530|2021-07-20|false|558|2019-09-27
comminor|787|393|89|310|441|2017-04-21|false|10|2022-12-15
umerus|540|545|27|383|854|2020-06-22|true|449|2019-11-08
in|464|163|180|877|342|2021-05-08|true|621|2018-02-04
peccatus|96|785|560|393|103|2016-09-18|false|194|2021-04-19
vox|912|988|12|103|174|2023-04-05|false|146|2020-08-31
acervus|473|416|830|381|445|2022-07-09|false|911|2025-02-26
caries|174|9|822|827|538|2016-07-13|true|422|2020-01-05
vitae|193|952|122|711|692|2018-09-20|true|943|2020-01-19
occaecati|489|475|230|979|343|2018-03-21|true|884|2019-05-16
harum|428|488|505|588|715|2018-09-11|true|564|2026-01-19
tumultus|355|167|249|546|100|2018-06-05|false|201|2023-05-15
videlicet|265|264|425|423|237|2021-02-07|true|147|2018-12-29
turba|860|936|467|436|97|2025-04-14|true|86|2023-12-13
tactus|109|500|61|315|949|2021-08-09|true|52|2018-11-12
verecundia|863|502|857|667|941|2023-10-06|true|736|2019-05-12
bonus|532|630|103|929|931|2019-11-05|true|515|2019-02-25
consuasor|272|934|653|746|908|2016-09-18|false|948|2023-05-22
pax|399|658|189|660|597|2021-08-20|true|454|2017-08-09
vir|486|479|112|543|88|2024-03-05|false|601|2024-02-01
eveniet|45|227|525|33|120|2018-07-19|true|708|2021-02-21
carus|552|178|344|449|46|2020-05-29|false|487|2022-10-23
sapiente|928|656|692|768|429|2017-06-02|false|633|2019-06-29
civis|691|429|48|297|4|2024-07-15|true|144|2021-08-25
turba|222|392|611|71|332|2025-07-20|true|755|2020-11-25
tametsi|625|480|231|160|706|2022-05-28|false|392|2018-08-27
desparatus|715|753|219|722|344|2017-07-14|true|138|2020-07-02
termes|564|628|771|297|331|2023-02-21|false|897|2025-05-25
tego|421|119|445|370|475|2019-08-23|true|328|2023-09-26
sublime|858|314|886|625|152|2017-04-05|true|510|2020-05-26
occaecati|599|492|621|98|974|2019-06-08|true|838|2019-12-10
vobis|445|529|837|523|763|2020-08-24|true|840|2017-08-18
trans|883|989|503|951|926|2026-03-23|true|945|2018-08-03
confido|82|924|293|332|302|2023-11-12|true|438|2019-12-11
corrupti|365|374|909|918|412|2025-09-25|false|799|2021-09-19
assumenda|106|469|328|177|339|2024-01-04|true|814|2016-05-08
sint|585|908|389|286|305|2022-06-04|false|229|2024-06-14
id|808|428|495|377|393|2021-10-19|false|635|2024-11-15
virtus|325|520|466|287|458|2024-05-19|true|102|2018-10-28
autus|5|163|800|343|305|2019-11-11|false|32|2016-05-15
currus|832|72|802|898|111|2023-07-25|false|188|2018-05-26
sumo|860|253|956|727|798|2022-09-15|true|428|2022-03-15
cunabula|196|582|38|218|549|2024-07-03|false|947|2022-11-14
culpa|454|353|493|893|201|2021-07-24|false|742|2018-07-10
angulus|501|779|65|64|504|2021-06-22|true|956|2019-11-05
paulatim|575|210|343|960|146|2023-11-25|true|530|2025-07-01
trado|451|550|997|768|221|2018-06-12|true|625|2017-08-19
bis|602|25|19|740|873|2020-09-21|false|120|2022-06-03
denuo|867|93|420|196|687|2019-01-14|false|89|2026-01-23
terreo|362|27|612|860|460|2022-10-21|true|877|2023-02-26
ipsa|55|981|358|897|600|2022-02-26|true|903|2023-03-29
veniam|53|536|972|699|579|2025-01-02|true|61|2023-05-01
stabilis|11|616|797|796|128|2016-05-27|true|204|2023-04-20
talis|978|720|446|713|108|2023-07-12|false|88|2019-01-15
corrumpo|564|17|321|642|49|2021-03-10|true|71|2022-01-10
creptio|931|716|951|387|911|2024-12-04|true|51|2022-05-24
votum|585|498|300|196|2|2025-07-13|true|359|2017-03-07
vitae|495|924|155|609|324|2024-06-28|false|555|2017-10-17
arbustum|906|762|836|440|433|2025-02-10|true|729|2021-02-04
vere|200|811|68|153|605|2019-03-21|false|434|2016-08-21
velum|46|317|842|531|670|2020-02-22|false|172|2019-04-21
talus|850|888|786|515|652|2016-08-16|false|792|2022-01-30
carpo|114|632|209|443|911|2023-01-12|true|824|2021-05-22
cultellus|89|342|217|849|368|2024-07-06|true|442|2025-05-14
sophismata|147|209|711|316|193|2018-05-23|false|310|2023-03-10
delinquo|336|284|215|466|359|2023-04-28|false|723|2022-02-18
soluta|618|101|65|483|310|2016-10-30|false|836|2021-11-02
uberrime|502|165|302|531|242|2020-01-17|false|992|2020-08-30
creo|342|223|123|869|140|2018-01-18|true|415|2021-07-12
depono|7|18|462|902|348|2017-02-13|false|792|2020-09-14
tricesimus|711|974|368|737|419|2024-12-30|true|699|2019-12-02
bardus|756|829|678|413|190|2023-10-25|false|310|2023-08-25
tepesco|424|844|705|941|502|2025-01-19|false|917|2021-01-16
perferendis|407|397|41|857|879|2019-07-29|true|915|2021-06-26
similique|164|623|550|226|400|2022-09-19|false|602|2023-09-17
modi|522|983|76|215|736|2024-02-15|true|584|2019-07-13
cultura|152|785|850|40|616|2018-06-17|false|197|2018-12-26
quis|642|392|104|537|128|2023-03-30|true|269|2021-08-03
decet|368|370|951|312|481|2023-12-01|false|40|2018-07-17
utpote|106|505|960|967|470|2026-01-26|true|216|2017-03-31
sub|936|857|187|194|379|2025-07-01|true|399|2025-02-04
amicitia|698|381|890|750|197|2020-03-17|false|362|2022-01-29
vociferor|311|3|594|628|41|2022-06-23|true|549|2018-11-22
arcus|918|884|413|363|189|2022-02-13|true|404|2018-11-14
debeo|357|595|651|103|352|2016-10-13|false|896|2018-07-27
charisma|879|682|109|920|314|2016-07-26|false|994|2022-07-31
soluta|621|917|346|740|555|2017-11-13|true|866|2020-12-07
reiciendis|478|888|66|649|262|2022-10-14|false|597|2026-01-29
venia|350|286|887|65|314|2017-10-07|true|369|2024-06-21
validus|795|604|134|814|612|2022-05-25|false|686|2018-06-20
calco|926|200|146|74|78|2017-12-10|true|427|2018-11-07
cerno|442|136|922|950|30|2016-12-18|false|408|2017-06-14
contigo|799|759|317|574|347|2018-01-05|true|999|2016-09-12
vilis|194|422|592|846|71|2017-12-30|false|162|2019-08-31
damnatio|620|365|733|875|401|2020-06-26|false|602|2024-11-05
basium|24|425|432|842|903|2017-05-30|false|925|2025-04-09
terreo|48|566|323|167|333|2020-02-05|false|920|2021-12-12
dignissimos|749|388|324|219|722|2025-05-31|true|846|2022-04-28
cariosus|22|349|440|626|252|2024-04-16|false|830|2022-05-23
dedico|471|427|807|697|65|2024-10-14|false|45|2024-11-15
comparo|460|413|272|414|179|2025-01-22|true|646|2018-08-15
voluptas|333|59|327|886|464|2019-08-21|true|617|2021-02-04
itaque|635|119|179|901|281|2024-04-23|true|247|2023-03-25
curso|91|49|591|648|478|2020-12-02|false|684|2021-11-14
crastinus|457|996|510|181|791|2022-11-05|false|165|2022-02-02
tollo|682|759|89|205|699|2019-09-22|false|40|2019-05-13
tepesco|305|915|362|995|934|2019-01-21|false|683|2018-12-06
spoliatio|784|677|222|20|371|2020-11-15|true|33|2016-08-01
cattus|557|731|840|905|472|2022-03-21|false|184|2020-09-21
stella|493|846|610|128|174|2019-12-04|false|719|2026-04-01
aestus|574|287|689|808|912|2019-02-21|false|843|2018-01-19
suppellex|202|127|518|464|52|2020-07-11|true|95|2026-02-23
nesciunt|723|113|291|603|305|2019-06-03|false|319|2023-03-17
pecto|378|153|748|400|441|2025-02-21|true|900|2020-10-18
aperiam|896|355|156|753|292|2025-11-30|true|302|2025-02-05
censura|249|208|434|199|692|2019-12-14|true|30|2022-04-12
speciosus|783|9|585|814|973|2016-10-08|true|94|2016-11-17
alius|185|794|542|954|220|2024-12-26|true|992|2022-12-02
centum|307|63|982|404|0|2020-08-30|true|267|2020-01-01
tamdiu|654|495|818|167|933|2022-08-25|false|254|2024-06-19
condico|599|656|775|272|58|2024-03-25|true|545|2020-11-11
sumptus|68|314|367|619|793|2022-12-26|false|285|2019-11-12
atque|489|930|398|977|687|2024-05-01|false|727|2023-08-20
aedificium|755|24|358|977|971|2017-08-05|false|141|2017-06-03
nobis|416|487|56|248|918|2023-08-19|true|167|2025-10-05
carus|502|613|63|329|249|2024-04-23|true|511|2022-03-01
paulatim|962|450|187|87|946|2018-10-14|false|945|2016-07-06
culpo|799|472|529|384|130|2019-10-28|true|41|2018-11-23
valde|598|74|685|641|288|2018-01-11|false|778|2026-01-31
apparatus|3|598|236|571|663|2018-08-30|false|609|2018-09-19
pax|334|527|864|678|681|2025-08-23|true|297|2017-07-12
bis|518|534|108|439|626|2021-12-14|true|275|2019-11-24
laudantium|269|813|691|339|393|2022-01-23|true|422|2025-08-29
synagoga|825|465|935|342|281|2025-11-20|true|295|2018-02-08
chirographum|815|991|125|243|444|2021-10-22|false|478|2023-03-06
error|224|365|828|15|702|2026-01-17|false|976|2021-09-10
collum|5|56|203|682|441|2017-09-12|false|498|2025-01-09
quis|976|196|887|994|219|2020-12-27|true|579|2025-01-10
strues|405|651|262|750|977|2018-11-02|true|724|2022-01-07
temeritas|338|482|664|587|884|2025-12-11|true|316|2023-03-01
vere|982|517|605|998|946|2018-03-22|true|300|2020-06-09
caute|922|561|932|759|328|2020-02-03|true|812|2020-02-22
cogito|350|862|169|929|195|2017-01-21|false|109|2023-10-29
cenaculum|138|929|476|742|1000|2025-07-01|true|613|2023-06-15
terga|558|9|731|703|868|2021-12-22|false|72|2017-07-18
dolorem|673|278|995|680|979|2020-10-05|true|417|2018-08-14
spectaculum|416|184|818|90|385|2016-11-28|true|794|2017-04-13
cetera|110|926|195|735|280|2023-02-18|true|480|2017-10-12
aperio|842|83|206|85|329|2025-11-14|false|815|2019-04-15
xiphias|272|261|798|921|352|2016-09-09|true|833|2023-05-15
cometes|136|439|555|320|464|2019-08-23|false|745|2024-11-27
atqui|12|240|473|191|499|2024-12-05|true|576|2018-01-11
molestias|969|881|328|809|655|2024-01-24|false|631|2023-03-13
usus|5|595|815|938|61|2016-05-17|false|717|2019-03-09
absorbeo|385|430|972|917|63|2024-03-29|true|485|2020-03-30
cubicularis|875|20|195|178|432|2019-02-13|true|497|2019-07-27
corpus|758|350|828|381|967|2025-12-12|false|976|2017-02-08
talis|598|324|152|658|403|2018-02-09|false|699|2019-09-18
volaticus|184|36|126|736|432|2016-08-09|true|576|2017-09-23
suffragium|354|703|26|393|922|2017-12-20|true|226|2020-04-09
censura|613|52|347|341|244|2025-04-25|false|395|2018-05-13
sustineo|556|833|429|50|133|2021-07-19|false|131|2019-07-11
asporto|909|885|27|789|958|2016-06-21|true|308|2016-09-20
theca|842|590|184|402|83|2019-07-23|true|351|2022-09-21
aetas|747|594|189|348|759|2019-04-20|false|379|2020-05-01
temporibus|936|175|115|652|495|2026-02-25|false|39|2024-01-09
vulticulus|262|118|749|915|831|2025-06-05|true|733|2020-07-27
vindico|253|306|407|66|623|2022-11-18|false|218|2023-01-26
comis|985|290|191|317|489|2018-06-04|false|417|2018-12-28
uter|770|579|317|997|591|2024-02-24|false|264|2025-11-14
suffoco|97|375|793|757|935|2020-11-23|true|37|2024-05-27
tyrannus|610|42|756|949|170|2025-06-15|false|953|2022-01-23
atrocitas|203|635|793|777|694|2026-01-05|true|64|2016-11-23
suppono|794|519|987|81|302|2025-05-08|true|867|2019-12-21
depono|612|224|796|714|936|2017-11-09|false|46|2024-09-20
votum|494|995|797|562|192|2018-01-17|true|833|2019-12-28
vetus|927|771|394|398|121|2023-08-23|false|783|2017-03-30
conservo|875|666|316|912|719|2020-12-07|true|956|2018-09-25
dolorum|367|544|13|699|545|2022-02-06|false|893|2019-01-09
tristis|208|252|346|134|24|2019-07-03|true|183|2017-03-29
tutis|697|745|414|230|10|2020-10-24|true|414|2020-11-27
tepesco|293|104|914|203|951|2024-04-11|false|947|2022-01-16
cado|61|33|442|659|576|2018-09-29|true|639|2016-07-07
correptius|874|65|500|938|315|2021-12-31|true|893|2021-08-29
victus|540|338|719|867|636|2024-07-31|true|892|2016-12-19
taedium|578|895|54|238|770|2022-05-13|true|229|2019-10-24
atrox|428|19|662|235|888|2024-03-22|false|30|2025-03-21
deripio|203|675|796|837|872|2022-04-25|false|121|2016-08-16
apud|1000|192|504|734|875|2017-02-01|true|303|2025-11-25
quas|915|896|680|358|617|2022-04-26|false|219|2018-02-08
vicissitudo|784|499|767|345|257|2024-11-20|false|503|2017-12-27
stipes|73|250|416|219|130|2019-04-16|true|769|2017-04-23
iure|291|207|405|669|800|2023-03-05|false|727|2018-10-25
autem|690|236|137|962|248|2020-05-28|false|804|2019-07-04
valde|902|67|838|708|453|2020-07-06|false|672|2024-01-06
vacuus|312|412|606|119|325|2018-04-18|false|481|2025-08-07
volva|140|678|712|703|219|2023-01-23|true|776|2019-02-24
defleo|766|724|710|813|784|2018-05-27|false|518|2023-11-27
vita|677|65|668|180|563|2018-08-08|true|509|2024-04-09
porro|377|376|226|27|261|2025-04-22|false|875|2018-06-12
aegre|859|666|231|456|824|2024-10-10|true|754|2023-10-11
civis|615|769|792|729|363|2023-04-06|true|629|2026-01-13
textus|375|651|69|498|871|2021-06-20|false|482|2023-11-02
repudiandae|892|823|510|151|197|2023-04-12|true|981|2018-10-30
adhaero|652|821|78|347|117|2021-04-13|false|870|2017-09-08
ab|596|920|743|138|947|2021-12-15|false|703|2016-09-25
cupressus|673|85|87|134|86|2019-01-09|true|923|2023-10-11
doloribus|774|618|751|210|270|2023-12-18|true|151|2017-04-20
demoror|604|341|922|29|697|2020-09-03|true|124|2025-02-11
sopor|831|126|576|285|96|2020-03-13|false|102|2022-08-05
argumentum|825|645|5|208|610|2018-04-03|false|699|2018-06-26
correptius|476|7|312|818|979|2025-01-09|true|879|2022-04-29
blandior|530|735|549|569|723|2020-11-04|false|142|2026-02-04
complectus|131|151|683|270|167|2024-04-06|false|864|2018-08-13
acquiro|840|623|275|617|220|2019-10-13|true|175|2025-03-04
repellat|462|413|610|371|327|2025-12-05|true|25|2025-12-24
curo|293|217|725|308|754|2018-03-10|true|164|2017-04-19
debilito|289|722|32|415|393|2017-03-23|false|11|2017-08-01
terreo|656|897|851|397|1|2023-10-05|true|102|2020-06-14
curso|64|795|588|739|710|2025-05-08|false|918|2020-08-10
depopulo|500|90|108|737|557|2023-02-12|true|545|2021-05-17
tabgo|594|487|214|897|774|2021-09-23|true|396|2018-04-17
abutor|674|978|792|879|665|2021-08-27|false|322|2016-08-01
vulnero|326|258|875|22|722|2019-08-13|true|742|2019-04-10
curia|852|950|963|338|504|2022-03-27|true|345|2019-08-31
demo|801|852|19|110|123|2025-12-17|false|311|2017-09-21
demergo|514|879|920|656|225|2020-09-12|true|506|2018-02-10
cohibeo|912|948|756|381|536|2016-06-10|true|689|2022-10-02
uter|634|612|236|171|169|2017-02-26|true|797|2021-05-18
velut|957|166|52|257|196|2025-01-02|true|895|2022-06-26
demergo|999|97|621|509|240|2017-06-14|true|3|2019-11-23
aedificium|417|771|70|79|669|2023-05-31|true|317|2020-08-31
nemo|955|219|95|119|866|2026-03-03|true|939|2025-06-26
autus|584|80|758|334|877|2022-12-03|true|433|2022-07-27
crapula|234|302|850|700|764|2025-10-04|true|949|2016-08-02
adhuc|688|793|562|662|609|2026-03-28|false|344|2025-03-07
cunctatio|158|972|824|836|171|2021-02-06|false|753|2025-04-06
verecundia|781|184|513|653|424|2022-10-20|false|306|2018-08-28
absorbeo|413|688|252|519|824|2019-05-13|true|65|2020-02-15
bene|349|236|752|264|518|2023-08-16|true|787|2016-09-03
neque|94|687|680|325|596|2023-02-10|true|493|2020-02-28
vomito|350|367|335|793|835|2025-09-24|false|394|2022-04-10
conatus|578|554|615|820|179|2017-07-02|false|612|2018-04-30
itaque|154|584|733|300|945|2018-08-25|true|258|2024-05-14
est|377|390|657|186|722|2018-05-05|true|862|2020-10-13
altus|606|831|661|325|887|2024-05-13|true|386|2023-10-21
theologus|644|194|145|82|681|2026-01-25|false|189|2020-02-21
tracto|379|518|513|241|533|2017-03-09|true|214|2022-12-20
commodi|385|902|654|263|722|2019-08-07|false|596|2023-05-01
stella|922|270|580|350|533|2025-05-01|false|825|2023-01-16
tergiversatio|712|409|803|355|220|2020-03-21|true|508|2025-09-17
curo|953|934|270|395|939|2025-03-09|false|792|2017-01-10
quis|999|311|345|815|243|2023-08-22|false|768|2026-04-16
eos|944|305|40|213|949|2025-03-16|true|648|2018-01-23
nemo|213|776|358|163|664|2017-01-16|false|167|2025-10-12
admitto|157|730|268|757|99|2018-04-13|false|439|2023-08-28
damno|480|794|245|570|750|2020-08-02|true|21|2019-05-10
porro|853|471|65|388|467|2022-02-07|true|573|2023-06-02
nam|71|189|427|256|983|2018-05-25|false|64|2025-04-05
nam|159|604|422|845|994|2024-08-31|true|326|2019-06-06
quidem|28|808|38|214|829|2017-05-03|false|353|2021-01-29
conor|247|120|509|818|592|2019-03-01|false|698|2023-07-21
infit|818|512|80|17|934|2024-09-01|true|45|2020-05-05
conforto|318|300|368|872|89|2022-02-22|true|169|2021-06-26
videlicet|207|465|362|834|105|2020-04-01|true|239|2017-03-16
eveniet|306|877|245|191|609|2021-02-19|false|681|2023-04-08
taceo|589|998|172|135|819|2017-10-03|false|521|2018-04-07
abscido|905|550|998|773|750|2020-07-20|true|705|2024-05-10
ea|548|155|315|247|787|2020-03-19|false|863|2019-09-03
volutabrum|627|786|307|441|820|2017-11-09|false|302|2020-06-17
tredecim|809|364|594|618|916|2018-04-06|true|695|2023-02-02
amplexus|887|83|134|306|83|2021-04-27|true|401|2019-02-06
undique|444|613|354|98|449|2017-08-18|true|283|2021-01-20
depono|472|638|781|949|128|2018-06-16|true|695|2019-07-24
tubineus|231|522|444|165|712|2016-05-07|true|829|2019-11-06
tribuo|284|634|484|505|954|2024-07-01|false|156|2018-11-14
surculus|170|327|788|534|862|2021-07-30|false|609|2017-09-29
victoria|676|380|43|791|882|2024-07-25|false|425|2016-08-16
charisma|224|431|720|625|409|2025-12-31|false|258|2025-04-25
minus|505|62|464|93|488|2020-10-12|true|201|2025-05-25
copia|6|247|71|759|297|2023-08-03|true|687|2023-06-10
basium|582|270|524|616|611|2021-11-11|false|772|2018-08-31
velociter|84|502|680|801|854|2025-12-20|true|741|2020-09-06
spiculum|951|152|839|895|6|2016-09-04|true|572|2016-07-16
accusator|713|713|19|937|675|2016-07-05|false|952|2018-12-16
exercitationem|19|353|241|735|301|2018-07-27|true|732|2021-12-25
vinum|947|628|400|252|699|2022-06-22|true|791|2017-07-01
triduana|204|834|598|885|196|2021-12-07|true|110|2026-02-11
vita|835|399|631|943|909|2017-05-01|false|336|2020-01-04
sodalitas|368|480|763|81|871|2016-09-22|false|278|2016-11-12
vestigium|882|599|729|909|170|2018-09-02|true|188|2019-11-17
avarus|226|523|861|526|672|2021-09-04|true|934|2021-11-29
debilito|658|18|944|715|701|2019-03-08|true|68|2022-10-13
cena|410|751|880|636|22|2018-06-10|true|17|2018-07-06
claudeo|454|649|137|655|897|2018-07-22|false|307|2024-10-18
amplexus|744|339|259|558|985|2022-03-29|true|242|2019-05-28
ara|493|924|266|405|645|2026-03-06|false|784|2023-03-26
sumptus|37|46|201|940|925|2022-11-29|true|375|2022-12-11
contabesco|244|31|756|416|130|2018-07-24|true|532|2020-05-14
infit|754|990|852|866|327|2021-09-22|false|460|2018-05-07
tabgo|365|260|19|731|465|2025-12-29|false|802|2017-01-08
crux|332|859|166|436|321|2026-04-13|false|543|2017-08-10
beatae|387|33|337|120|83|2024-12-12|true|834|2018-07-25
victoria|806|980|333|755|343|2023-09-14|true|690|2016-11-26
synagoga|129|333|753|133|469|2023-05-18|true|154|2026-02-07
itaque|298|712|314|271|899|2020-09-20|true|625|2023-06-20
desipio|802|245|314|515|409|2019-04-28|true|56|2017-09-25
vinco|465|430|838|938|390|2023-08-07|false|881|2024-08-17
articulus|499|72|712|193|475|2024-04-11|true|976|2023-12-26
defero|240|68|928|787|842|2023-10-28|false|231|2016-12-17
dolor|398|646|410|28|556|2020-06-02|true|824|2019-10-15
adulatio|776|858|970|356|184|2022-07-12|false|705|2022-02-17
patruus|41|51|245|635|383|2021-06-15|false|935|2017-10-18
cohors|348|805|63|867|573|2020-05-21|true|885|2017-07-20
accommodo|979|306|532|457|489|2020-03-02|true|812|2020-10-18
impedit|558|491|816|663|728|2018-10-22|false|31|2017-08-17
velociter|388|557|776|816|596|2025-11-01|false|329|2024-09-10
eos|6|663|634|261|760|2019-12-16|false|493|2019-11-01
auditor|5|274|317|701|595|2019-10-17|true|492|2017-05-29
venustas|261|785|210|455|17|2020-04-03|false|918|2024-08-23
comburo|574|872|972|349|979|2026-03-27|false|707|2017-07-12
constans|273|232|611|556|676|2021-09-05|true|409|2024-01-26
tempora|103|716|21|679|497|2020-06-01|true|975|2023-03-12
valens|492|391|667|242|210|2016-05-10|false|905|2025-05-20
sollers|404|772|828|351|227|2016-09-07|true|271|2023-06-15
amita|431|142|419|267|441|2023-01-15|false|933|2020-10-03
adaugeo|325|701|761|84|413|2022-11-15|false|60|2022-10-12
itaque|940|598|881|253|87|2017-09-18|true|254|2019-02-14
atrocitas|676|755|509|385|435|2016-07-06|false|118|2019-10-12
cetera|76|723|810|938|874|2017-12-16|true|103|2025-05-02
valetudo|174|757|123|737|73|2026-03-25|true|332|2024-04-08
adeptio|349|462|577|509|496|2022-12-08|false|295|2017-06-19
desipio|577|73|561|72|772|2022-07-28|true|687|2018-11-04
decipio|586|860|586|393|50|2019-02-26|false|373|2016-08-06
vomito|682|611|526|128|249|2017-10-27|false|892|2023-03-27
aveho|733|495|6|513|47|2025-03-26|true|592|2024-07-17
pecus|219|249|794|93|714|2023-05-27|false|796|2024-12-01
depereo|979|387|550|828|257|2019-03-08|true|973|2020-06-20
adimpleo|213|859|535|600|955|2023-10-05|false|286|2025-12-04
vapulus|846|911|865|868|976|2023-04-21|false|393|2020-06-11
curatio|139|683|283|841|771|2020-11-07|true|7|2023-08-21
sapiente|466|865|636|540|612|2016-11-14|true|978|2026-04-04
tutis|756|75|846|302|846|2020-04-13|false|870|2018-12-09
balbus|808|497|595|410|529|2019-12-12|true|554|2024-10-14
tubineus|68|172|354|97|824|2024-04-02|true|392|2019-11-05
asper|690|768|959|454|74|2019-06-18|false|280|2018-09-24
vel|170|242|460|705|195|2022-06-07|true|401|2020-01-11
voluptatem|666|523|746|293|907|2024-10-28|false|789|2025-02-20
avarus|798|960|9|470|592|2026-03-03|false|288|2023-04-09
surculus|228|235|81|846|286|2024-01-16|true|957|2020-06-26
perspiciatis|862|293|42|903|167|2016-12-23|false|457|2019-03-29
quidem|672|816|594|448|979|2021-11-19|true|604|2017-11-25
derelinquo|964|605|373|77|207|2017-01-09|true|359|2018-01-21
cognatus|796|768|884|674|536|2025-08-27|false|258|2024-01-03
odit|916|271|797|723|589|2017-05-21|true|529|2019-05-21
despecto|482|220|983|852|212|2022-06-01|true|149|2023-09-17
civitas|343|962|732|90|209|2016-12-08|true|320|2021-06-25
aegre|112|497|244|728|86|2023-08-10|false|215|2017-05-28
sponte|916|823|744|984|309|2022-12-24|false|592|2018-03-22
conicio|500|793|747|835|326|2025-01-12|true|345|2016-12-04
agnitio|596|769|704|834|858|2019-06-18|true|303|2024-11-16
teneo|741|594|876|698|744|2016-11-21|false|26|2016-12-20
cedo|773|718|395|892|220|2018-06-20|true|416|2024-01-30
antea|91|935|488|90|502|2018-11-26|true|6|2025-12-09
clamo|913|665|692|669|690|2019-06-17|true|225|2022-08-14
atrox|935|897|443|791|720|2024-08-15|true|248|2025-09-16
atque|914|29|620|966|924|2023-03-28|false|76|2023-08-18
curo|10|224|527|534|972|2017-10-23|true|312|2023-09-11
enim|138|622|903|971|704|2017-07-15|true|357|2017-11-15
usitas|288|638|663|154|335|2024-01-26|true|542|2017-09-13
aedificium|717|307|70|489|302|2024-01-24|true|470|2023-05-25
averto|598|51|77|167|143|2023-06-19|false|727|2023-11-07
atrox|53|665|951|1|148|2025-06-10|true|376|2023-05-20
aptus|529|619|667|32|212|2022-04-21|true|802|2020-10-09
inflammatio|560|103|704|792|986|2024-03-31|false|717|2018-06-06
nemo|380|96|616|570|772|2022-03-21|true|258|2018-04-20
abduco|234|620|765|422|901|2017-03-26|false|997|2024-02-02
verecundia|664|945|28|375|218|2018-09-12|true|480|2016-12-28
taedium|60|384|753|851|266|2017-12-28|true|375|2022-05-24
curatio|836|983|701|677|254|2022-03-21|false|459|2016-08-05
dolorum|32|493|691|16|468|2024-10-18|true|912|2021-05-09
usque|71|486|845|666|719|2018-04-01|true|381|2022-01-04
sponte|655|758|834|271|567|2019-05-25|true|274|2023-07-31
appositus|585|874|99|293|532|2018-06-05|false|29|2020-11-22
aiunt|328|709|774|564|659|2025-04-18|false|720|2019-06-15
vel|295|188|67|916|917|2016-11-30|false|328|2018-09-04
terga|256|999|740|618|35|2023-05-27|true|343|2021-07-28
assentator|308|908|928|175|637|2025-01-15|true|741|2021-06-06
damnatio|620|652|715|807|16|2017-07-10|false|990|2018-10-20
fugiat|295|160|143|909|225|2021-07-30|false|719|2026-03-09
articulus|900|498|174|532|284|2022-06-08|true|418|2023-11-22
verus|607|427|450|281|926|2018-12-04|true|145|2016-07-23
aggredior|188|486|630|937|51|2026-01-25|false|6|2023-01-03
cui|151|94|644|232|168|2026-01-07|true|573|2024-01-23
ad|924|98|145|156|725|2026-04-26|false|631|2025-05-05
veritas|849|792|181|89|680|2018-04-24|false|582|2019-01-24
minus|265|936|154|944|941|2019-02-13|false|397|2019-06-05
concido|362|809|861|463|238|2017-12-04|true|754|2025-06-12
audeo|179|729|569|57|730|2020-04-21|false|809|2018-01-29
catena|594|69|897|914|500|2024-02-21|false|8|2016-06-22
ceno|91|813|997|131|451|2025-05-10|false|919|2016-09-17
facere|638|483|773|975|333|2016-10-26|false|7|2025-01-24
auctus|242|349|837|210|722|2016-12-28|true|43|2017-11-08
tot|14|781|516|236|448|2017-07-05|true|580|2026-02-25
candidus|711|1000|257|563|675|2019-11-10|false|629|2025-11-25
combibo|561|343|811|301|523|2022-08-11|true|781|2016-07-01
clementia|631|942|514|226|903|2018-08-27|false|84|2022-04-19
bonus|73|446|276|275|413|2023-09-30|false|253|2016-08-05
ullam|259|83|560|674|961|2020-11-15|true|29|2018-03-15
nam|167|921|924|960|113|2025-09-20|true|783|2022-04-07
thymum|397|699|185|48|931|2021-03-03|false|693|2025-09-14
stips|434|50|938|622|423|2025-06-27|false|960|2026-03-07
antiquus|175|552|177|184|446|2020-12-15|true|427|2021-06-13
approbo|112|595|318|320|767|2016-08-22|false|884|2022-04-10
earum|605|18|385|425|439|2020-01-05|false|786|2024-02-08
soluta|327|985|547|328|232|2016-05-14|true|777|2019-06-28
capillus|289|63|988|910|365|2017-02-28|false|734|2018-10-12
demens|814|65|724|104|671|2024-06-30|false|570|2021-06-21
alveus|627|305|92|9|947|2024-06-22|false|879|2018-10-27
subseco|823|284|281|498|125|2022-10-26|true|970|2020-05-24
soleo|837|737|930|341|180|2020-09-17|true|489|2018-11-06
triumphus|760|774|202|696|38|2025-07-12|false|941|2025-04-22
paens|91|536|810|444|869|2020-06-05|true|125|2019-02-08
tego|657|226|817|972|708|2023-03-05|false|207|2023-01-30
tantum|245|166|450|862|100|2024-10-07|false|44|2017-03-12
communis|479|826|321|560|739|2018-12-08|true|111|2025-09-09
crur|507|378|451|280|216|2019-02-03|false|960|2019-07-11
approbo|444|675|89|648|6|2022-08-18|true|484|2025-03-17
quam|497|142|602|440|186|2023-03-04|false|171|2023-02-20
celer|22|595|512|359|277|2025-10-15|false|933|2022-07-10
surgo|36|642|485|290|485|2019-08-07|false|964|2020-04-15
derideo|753|126|806|925|69|2022-03-23|false|333|2019-05-15
cicuta|263|794|771|89|53|2023-09-30|false|267|2019-10-06
sordeo|24|260|223|865|83|2023-09-03|true|721|2021-09-10
ceno|569|91|103|65|324|2025-06-10|true|419|2017-01-26
curia|47|271|983|298|60|2020-03-16|false|867|2021-02-15
subito|362|270|867|115|310|2023-04-24|true|836|2021-05-23
deorsum|908|982|927|837|589|2024-12-29|true|87|2022-07-19
nulla|911|145|595|107|927|2026-03-31|false|593|2025-09-01
id|731|431|856|548|83|2017-11-27|true|824|2016-06-13
amplitudo|950|298|229|653|110|2022-11-18|false|627|2020-10-16
ratione|515|654|210|775|670|2023-01-04|false|25|2021-11-23
tenus|559|42|45|36|315|2017-04-21|false|830|2021-11-26
molestiae|896|440|80|131|607|2018-04-20|true|376|2025-07-07
damnatio|549|107|75|546|100|2025-01-08|true|789|2023-01-25
atque|510|135|994|407|167|2018-10-31|true|80|2019-10-29
tyrannus|312|24|190|883|601|2019-06-20|true|642|2019-11-28
contigo|574|847|572|506|206|2019-02-07|false|375|2018-02-20
commodo|265|374|634|880|431|2022-09-29|true|451|2026-02-20
cetera|157|730|658|311|935|2021-05-10|true|471|2025-09-08
acquiro|852|333|243|444|905|2023-11-08|true|110|2021-02-25
exercitationem|499|510|832|672|640|2024-08-18|false|656|2024-08-20
cura|738|512|375|945|807|2021-10-13|true|322|2023-11-08
ante|848|569|895|754|768|2018-11-10|true|866|2016-06-03
quidem|211|175|795|192|983|2024-03-21|true|17|2020-12-27
abscido|520|785|590|725|471|2016-05-26|false|95|2026-02-04
depopulo|563|852|981|675|157|2023-07-22|true|513|2021-08-15
ustilo|109|649|736|959|184|2018-05-30|true|284|2022-04-27
ver|789|212|258|242|311|2018-09-06|true|70|2026-02-24
celer|334|572|365|738|788|2023-05-18|true|775|2017-02-05
crepusculum|195|748|31|411|987|2016-12-11|true|324|2024-03-14
baiulus|716|495|343|167|885|2022-07-26|true|593|2025-05-09
stabilis|77|716|513|268|968|2020-10-16|false|958|2026-02-16
appono|544|375|835|145|131|2024-04-27|true|181|2024-04-23
debeo|945|712|721|921|842|2023-09-09|true|159|2022-09-23
coepi|669|546|512|285|521|2016-06-30|true|130|2022-11-15
acervus|86|305|897|9|406|2022-11-15|false|388|2020-07-08
suspendo|743|180|610|959|692|2017-08-10|true|32|2017-10-18
terga|659|217|547|188|928|2025-08-28|true|477|2021-05-20
caecus|842|839|908|332|559|2022-09-04|false|288|2026-01-02
cattus|854|910|591|202|243|2023-07-03|false|481|2020-06-25
vetus|432|368|670|249|446|2026-04-21|true|288|2019-08-31
aranea|858|565|63|547|44|2016-09-04|true|912|2018-12-03
spargo|590|409|982|610|696|2019-01-08|false|588|2024-07-27
amita|143|741|638|109|310|2025-08-27|false|473|2020-12-24
officia|156|980|750|522|635|2020-10-17|false|833|2025-04-18
dens|903|38|375|61|131|2023-02-09|false|608|2020-08-14
labore|356|641|103|3|784|2020-03-03|true|311|2022-04-22
usitas|215|237|986|674|483|2022-03-17|false|343|2020-10-25
vae|85|565|79|266|465|2020-06-15|false|677|2019-12-08
adsidue|742|92|294|492|449|2016-07-26|false|605|2022-04-15
valeo|955|518|713|631|883|2024-04-29|true|403|2026-02-17
truculenter|680|969|199|148|815|2022-03-22|true|289|2024-04-10
viriliter|397|191|834|999|161|2022-09-23|false|619|2026-02-08
voveo|478|30|455|554|148|2018-01-30|false|928|2020-09-10
cattus|612|308|266|79|996|2017-07-10|false|211|2024-01-25
ustulo|671|335|663|455|781|2016-05-16|true|934|2023-02-15
uxor|512|561|329|951|526|2024-02-17|false|631|2025-01-02
astrum|362|617|259|985|360|2021-12-13|false|345|2017-08-04
sursum|893|445|701|595|19|2016-06-24|false|948|2023-11-12
asporto|194|496|910|96|149|2016-07-04|true|699|2019-10-21
aureus|809|721|655|929|875|2017-06-15|true|497|2021-04-24
aperio|971|248|716|358|676|2022-01-02|true|785|2017-12-09
colligo|850|537|247|473|674|2017-11-23|false|813|2022-07-13
capio|421|180|665|833|228|2021-03-01|true|918|2017-04-04
ventosus|333|654|706|576|100|2023-06-03|false|802|2023-09-05
vergo|68|410|977|408|495|2019-05-26|false|298|2018-06-17
cui|46|702|769|945|748|2021-09-13|false|431|2021-04-01
utilis|798|131|597|984|256|2024-03-01|true|367|2020-04-26
curis|475|347|609|757|889|2020-04-17|false|387|2017-05-03
creta|426|267|244|13|761|2017-09-30|false|543|2017-04-19
reiciendis|530|496|885|739|327|2017-10-11|true|80|2018-12-28
tenetur|954|152|527|880|711|2016-08-17|false|552|2024-11-13
crinis|876|748|809|555|629|2017-09-12|true|896|2020-11-19
addo|55|413|532|286|988|2026-02-26|true|743|2021-12-07
sequi|197|248|1|747|447|2022-08-10|true|939|2018-03-31
confugo|349|836|994|969|623|2023-03-02|true|901|2023-11-16
cognomen|840|366|10|960|817|2023-05-04|false|173|2017-07-06
admiratio|104|117|413|12|47|2023-02-10|true|447|2017-07-05
territo|172|992|409|506|446|2017-02-24|false|135|2022-10-16
dolore|820|449|162|821|940|2018-08-29|false|433|2018-06-29
constans|43|48|787|59|269|2019-03-25|true|247|2024-04-04
cernuus|245|478|103|293|281|2017-07-03|false|682|2019-02-24
sed|678|580|559|240|976|2025-04-26|true|27|2017-04-06
vivo|76|495|121|676|298|2024-07-01|true|81|2024-03-03
cupiditate|585|805|859|67|209|2018-04-17|false|304|2026-03-01
crebro|227|247|59|885|675|2025-03-16|false|95|2021-05-27
armarium|706|699|937|540|209|2021-07-15|true|413|2023-12-14
suus|562|151|272|279|157|2024-07-23|true|631|2017-12-30
cras|749|1000|122|288|713|2016-05-19|true|771|2021-12-05
speculum|382|97|618|425|297|2018-03-31|true|731|2017-03-13
commodo|153|218|73|929|795|2023-12-05|false|122|2020-08-16
defero|204|820|112|180|590|2017-08-29|true|428|2024-10-07
conscendo|62|151|93|993|230|2023-09-08|true|948|2018-01-19
caelum|479|789|150|773|452|2026-04-15|true|598|2019-04-08
ceno|416|876|247|93|946|2025-03-30|true|473|2016-11-30
combibo|707|990|958|41|991|2017-03-10|true|909|2020-08-31
patruus|947|172|963|160|139|2019-10-22|false|76|2019-07-17
blanditiis|920|992|798|598|984|2020-08-14|false|29|2019-08-07
sublime|994|241|48|42|673|2020-03-20|true|476|2023-02-02
deripio|801|66|548|848|587|2019-01-01|true|140|2023-08-15
thermae|516|980|284|891|326|2018-04-26|true|761|2017-04-24
vapulus|235|483|271|857|328|2020-04-04|true|624|2025-05-30
careo|297|6|58|632|797|2018-06-10|false|742|2024-06-23
comptus|136|696|614|628|227|2023-03-30|false|501|2017-07-29
umbra|194|333|262|813|950|2023-06-28|false|94|2020-02-25
pariatur|126|90|31|325|471|2018-02-06|false|636|2022-03-22
ventito|697|393|103|133|77|2016-05-29|true|577|2022-08-05
magnam|435|794|598|593|603|2019-05-23|false|497|2023-10-06
asperiores|241|955|379|65|196|2019-05-07|true|197|2021-08-29
virgo|276|58|309|445|646|2019-03-02|true|313|2021-09-09
doloribus|346|311|34|930|732|2024-09-03|true|960|2018-04-29
averto|243|214|838|803|160|2020-03-19|false|26|2026-03-04
laboriosam|936|107|2|365|155|2022-04-27|true|539|2022-12-05
tabesco|552|978|672|57|575|2016-12-04|true|51|2024-03-30
rem|210|816|343|591|990|2020-03-02|false|254|2019-02-05
trado|512|881|61|293|452|2016-09-24|true|126|2018-05-13
votum|911|601|97|716|992|2019-05-01|false|538|2017-04-13
cubo|986|668|698|910|291|2024-11-22|true|154|2025-11-18
quo|850|299|241|664|498|2024-08-31|false|70|2020-04-04
trado|181|899|343|439|233|2024-06-13|true|848|2018-01-04
curiositas|396|930|492|962|115|2019-03-29|false|195|2024-06-20
sono|71|365|571|194|273|2019-01-30|true|224|2020-03-20
vestrum|618|557|972|177|982|2019-08-15|true|87|2017-08-11
esse|499|72|123|408|470|2020-12-14|false|549|2018-05-03
crastinus|236|454|656|382|752|2026-04-07|false|136|2018-07-20
vobis|144|823|932|978|890|2023-06-12|true|94|2021-10-08
expedita|312|265|226|250|845|2019-08-09|false|833|2017-04-30
ratione|653|873|423|907|54|2021-07-04|true|720|2019-08-27
succurro|175|255|430|491|999|2026-01-17|true|250|2020-02-14
artificiose|362|687|601|783|752|2025-03-28|false|43|2022-12-18
verumtamen|940|866|837|525|268|2024-10-30|true|71|2025-12-14
blanditiis|911|485|577|672|484|2017-09-28|false|365|2020-03-29
agnosco|840|938|379|556|975|2024-03-07|false|216|2023-09-11
molestiae|111|773|557|622|580|2022-01-08|true|650|2025-09-05
utrimque|937|678|60|914|508|2021-08-17|false|284|2023-07-03
cornu|704|625|684|336|796|2016-10-03|false|392|2020-06-05
spargo|440|344|315|154|140|2016-10-04|true|392|2017-04-10
curriculum|200|574|957|37|944|2021-05-14|true|348|2016-09-26
damnatio|559|506|236|393|244|2025-11-29|true|659|2021-11-20
summa|382|727|72|532|914|2023-10-24|true|153|2017-03-10
taceo|682|421|886|696|804|2024-02-09|false|156|2022-05-03
victoria|253|329|667|563|540|2021-10-07|false|432|2018-12-19
aegre|478|744|848|604|229|2022-03-13|false|738|2018-02-08
cubitum|653|152|94|809|853|2022-07-05|false|547|2016-05-24
arbor|453|717|308|259|782|2019-08-27|false|975|2024-12-11
corroboro|854|852|90|829|247|2021-01-15|false|216|2018-10-31
pecto|939|931|459|214|767|2017-06-19|false|981|2020-07-05
antiquus|532|700|857|293|422|2018-09-21|true|856|2021-01-17
depono|870|885|450|591|696|2023-09-07|true|690|2024-04-11
terra|837|46|783|0|17|2019-05-10|true|913|2024-04-02
debitis|214|501|737|400|491|2022-10-09|false|257|2020-08-23
officiis|796|102|295|37|351|2021-07-11|true|383|2021-04-20
correptius|107|904|669|665|906|2017-01-25|false|116|2020-10-23
speciosus|856|944|538|262|273|2023-01-12|false|541|2021-06-23
ventosus|35|237|294|77|270|2020-12-25|false|887|2020-05-22
venia|128|745|869|100|365|2025-07-30|true|562|2017-09-11
adflicto|134|490|965|350|613|2020-06-28|false|876|2021-06-28
soluta|939|868|108|221|374|2024-09-15|false|642|2016-06-04
ratione|25|169|427|156|101|2023-09-06|false|540|2021-10-08
tutamen|958|353|517|20|251|2023-08-16|true|791|2021-10-28
adeo|92|58|630|227|45|2023-03-19|false|161|2017-09-01
terminatio|993|510|367|356|979|2018-12-25|false|826|2016-07-31
turpis|701|138|93|754|8|2023-03-09|true|726|2023-06-27
ascisco|852|43|193|635|959|2023-05-24|true|869|2024-12-22
collum|839|604|691|937|765|2016-06-19|true|53|2021-12-13
vester|438|342|292|297|907|2017-05-08|false|454|2019-03-11
statim|509|169|395|715|431|2017-11-30|false|270|2017-03-10
culpa|474|100|740|720|338|2018-06-26|true|435|2022-10-20
verumtamen|234|271|368|733|343|2021-09-07|true|454|2020-10-08
sperno|712|388|590|693|163|2025-12-21|true|509|2016-10-18
deporto|634|497|381|714|847|2022-05-09|true|935|2020-04-03
quidem|908|959|859|567|592|2026-02-06|true|143|2020-01-08
solvo|333|194|985|573|200|2016-12-05|false|820|2024-07-22
attonbitus|886|533|885|533|206|2016-07-17|true|937|2025-03-31
statim|498|296|235|551|861|2022-04-05|true|435|2025-07-25
similique|36|115|33|167|1|2019-06-27|true|107|2018-05-19
vomica|914|625|591|311|697|2019-10-04|true|429|2021-09-30
virga|482|216|702|405|988|2022-09-14|true|255|2022-03-27
neque|124|403|749|345|430|2023-08-04|false|796|2018-09-16
trucido|37|117|941|926|731|2019-06-14|true|561|2025-11-01
velut|84|318|879|79|694|2024-03-18|false|284|2020-01-28
tenax|130|379|413|838|223|2025-12-24|true|397|2018-06-24
pecto|255|946|831|722|891|2017-11-26|false|32|2018-02-11
atavus|694|614|870|921|473|2018-09-11|true|153|2020-06-25
commodi|446|83|180|266|921|2022-10-06|true|846|2018-03-11
compono|318|346|668|834|11|2020-09-05|false|717|2022-08-19
spoliatio|390|184|787|168|927|2019-04-23|true|263|2023-12-04
celebrer|486|553|596|491|940|2022-03-14|true|188|2019-03-30
cogito|617|181|389|761|680|2018-12-20|true|964|2025-06-05
absque|518|182|51|961|383|2026-04-05|false|349|2020-09-13
timidus|450|143|755|210|678|2016-12-13|false|934|2026-02-28
velum|97|881|384|0|285|2026-02-19|true|688|2017-06-08
veritatis|336|555|956|356|372|2023-04-24|true|608|2020-01-28
voluptatibus|339|127|99|636|205|2018-06-28|false|10|2016-07-06
tribuo|180|254|624|150|597|2019-07-22|true|909|2024-04-20
chirographum|556|994|178|540|272|2022-01-22|true|13|2020-03-22
distinctio|416|785|971|899|761|2019-03-14|false|917|2019-01-13
natus|704|217|846|909|837|2021-10-30|false|274|2020-06-08
vorago|797|805|333|774|233|2018-08-18|true|291|2022-09-17
summisse|847|758|365|451|50|2025-05-10|true|177|2016-05-04
tamisium|235|196|569|849|442|2023-12-08|true|745|2017-01-14
causa|756|75|415|906|491|2018-11-16|false|41|2016-09-15
explicabo|232|358|365|795|831|2020-04-22|true|473|2017-06-01
aliquid|990|403|973|218|532|2026-01-30|true|564|2023-08-03
audacia|516|998|216|97|186|2020-11-22|false|686|2018-08-19
accommodo|357|798|868|205|837|2023-08-26|false|182|2019-03-28
adeo|869|257|920|168|971|2022-11-21|true|557|2025-09-20
ager|778|261|894|227|132|2024-12-01|true|752|2025-08-08
conculco|852|347|939|577|325|2020-05-04|false|575|2017-08-07
minus|983|188|854|949|714|2024-09-10|true|31|2018-03-24
debeo|871|740|193|202|776|2019-06-12|false|657|2023-04-29
nisi|431|133|818|685|937|2018-03-04|true|491|2026-03-16
recusandae|207|889|784|697|8|2019-01-08|false|897|2016-10-05
dicta|565|550|985|950|298|2016-08-26|true|867|2019-04-03
alter|252|678|584|716|909|2022-12-25|false|668|2019-05-09
cubo|715|849|390|307|215|2026-04-20|false|354|2016-08-16
alioqui|736|419|99|517|103|2021-10-10|false|14|2019-06-18
defluo|911|790|623|747|169|2018-08-23|false|117|2024-10-06
turba|299|187|966|705|409|2016-08-04|false|55|2019-05-22
beneficium|324|57|682|92|940|2023-01-30|false|598|2017-06-09
delego|981|196|898|225|866|2016-10-11|true|208|2019-10-15
deinde|505|586|775|823|559|2023-12-02|true|735|2019-06-01
cunctatio|976|743|284|423|161|2022-11-15|true|758|2018-07-05
viscus|435|847|421|251|316|2016-06-28|false|678|2020-03-01
quisquam|352|329|344|466|565|2023-01-14|false|795|2020-09-04
ab|842|902|913|868|204|2019-09-18|true|942|2023-01-11
aegrus|831|35|311|121|486|2019-03-05|false|428|2023-10-03
admitto|639|617|150|635|410|2023-04-20|false|934|2019-08-27
avaritia|513|853|416|207|915|2022-03-29|true|984|2023-11-24
centum|458|118|627|298|314|2025-07-26|false|517|2019-12-05
ocer|279|353|562|94|858|2023-09-01|true|394|2026-03-05
quas|366|352|805|374|870|2023-10-26|false|612|2022-12-25
usque|260|863|538|215|704|2017-10-05|true|513|2019-12-27
adamo|24|399|686|48|952|2023-03-18|true|420|2022-06-06
illum|785|585|120|588|294|2018-10-03|false|293|2018-09-11
temptatio|690|375|209|969|237|2018-02-02|true|591|2023-09-17
acceptus|551|108|731|986|595|2017-02-04|false|573|2016-08-08
patrocinor|897|573|469|764|138|2019-03-17|true|705|2017-08-28
balbus|351|637|663|195|596|2018-03-28|false|466|2020-08-31
abbas|449|709|963|353|404|2023-07-17|false|939|2026-01-21
caveo|735|625|404|512|259|2026-03-04|true|122|2017-10-07
antea|328|153|845|246|550|2019-06-27|false|257|2018-11-17
cornu|790|79|225|238|384|2023-12-18|true|835|2022-07-18
itaque|85|514|633|497|527|2017-03-24|false|249|2024-06-01
aranea|459|164|297|318|845|2022-12-26|false|449|2022-05-15
amplexus|508|443|83|491|733|2019-07-27|true|270|2019-02-04
fugiat|173|468|716|15|438|2023-07-30|false|341|2020-08-03
desolo|223|4|639|269|699|2025-09-14|false|619|2024-05-04
caveo|674|836|292|197|935|2022-08-22|false|391|2026-02-25
acsi|500|247|409|819|60|2021-06-20|false|589|2017-03-17
caritas|703|456|810|639|131|2017-08-17|true|279|2018-11-16
voluptatum|279|138|68|692|441|2018-05-03|false|750|2025-06-19
adhuc|269|332|886|80|337|2016-07-12|true|863|2017-06-29
adopto|994|179|403|361|42|2021-05-09|false|870|2021-11-08
cresco|64|543|455|605|775|2018-12-19|true|399|2018-05-05
tantum|516|960|508|722|829|2023-04-10|true|75|2021-05-03
pel|634|267|730|963|317|2018-10-19|false|918|2023-07-04
bellum|858|606|910|63|951|2024-01-03|true|45|2022-02-02
cotidie|610|490|945|868|539|2021-12-19|true|951|2022-12-08
tendo|799|202|816|152|382|2026-02-15|true|995|2021-11-19
conor|221|942|726|222|430|2021-01-15|true|542|2021-07-07
casso|57|212|643|735|46|2020-09-09|true|422|2024-01-09
incidunt|779|543|305|719|250|2022-04-11|true|282|2017-12-16
molestiae|372|634|338|893|865|2021-03-10|false|230|2025-12-06
accusantium|788|282|734|854|230|2025-12-10|false|191|2021-08-16
argentum|679|408|816|911|545|2023-01-24|true|547|2024-12-23
crur|844|412|130|856|281|2020-06-17|false|22|2020-10-05
cum|271|743|877|314|306|2018-04-03|false|704|2021-04-10
thalassinus|982|994|968|921|822|2023-09-28|true|909|2021-11-05
tres|348|717|334|925|662|2025-06-20|true|309|2019-10-06
patrocinor|33|189|695|482|721|2016-09-01|true|461|2016-09-24
rerum|26|979|825|586|247|2026-04-18|true|558|2023-05-02
clamo|235|716|223|722|924|2026-04-03|false|208|2017-08-02
crustulum|942|255|738|15|704|2017-10-30|false|806|2018-04-21
defaeco|767|498|14|680|691|2017-06-13|true|161|2016-06-04
accedo|691|980|716|223|33|2022-09-06|true|856|2023-08-01
spoliatio|474|968|292|155|586|2025-02-17|true|503|2023-08-22
vox|818|726|276|94|629|2017-12-02|false|750|2025-11-26
autus|217|191|81|271|172|2016-05-26|true|631|2017-09-05
textor|753|505|532|730|207|2022-04-23|true|639|2023-11-04
despecto|567|83|160|925|796|2018-01-22|false|135|2018-01-20
admoveo|334|132|845|450|913|2025-11-10|false|86|2025-07-09
ullus|565|392|733|662|745|2022-05-28|false|415|2024-10-10
verumtamen|487|76|27|2|795|2016-06-08|true|571|2021-08-26
uberrime|110|942|864|1000|593|2025-02-19|false|747|2023-01-24
canonicus|145|976|445|894|165|2021-05-28|true|16|2021-11-10
ducimus|357|334|607|40|981|2018-06-11|false|66|2025-04-27
thalassinus|569|287|192|450|144|2019-06-12|true|694|2017-10-02
minus|8|420|585|954|579|2022-05-21|true|983|2023-02-08
celebrer|666|570|891|150|970|2025-12-07|true|323|2024-08-01
amitto|573|73|742|690|347|2019-05-22|false|185|2020-04-16
crebro|790|489|802|658|172|2024-03-11|false|521|2018-09-09
cena|244|683|319|645|494|2018-07-17|false|950|2025-04-09
versus|426|414|619|806|342|2020-11-08|true|794|2021-03-29
uxor|689|771|713|197|21|2017-11-28|true|874|2016-09-15
brevis|498|921|541|859|993|2017-12-02|true|874|2020-08-08
somniculosus|296|119|624|756|813|2025-10-10|true|817|2023-01-20
pauci|496|325|688|592|414|2020-05-21|true|786|2020-07-31
cervus|716|817|975|57|371|2022-04-20|true|580|2019-02-27
socius|854|800|879|418|100|2024-02-11|false|400|2022-03-04
sum|45|141|560|794|87|2020-04-21|true|996|2023-12-30
subvenio|959|150|753|443|968|2021-11-07|false|948|2021-06-08
tepesco|798|107|650|545|345|2019-06-03|false|66|2018-04-01
cruciamentum|842|954|365|53|160|2023-08-26|false|902|2024-03-01
allatus|797|997|328|918|326|2022-04-07|false|292|2017-01-23
cuius|948|105|341|32|956|2020-07-19|false|139|2018-11-16
vilis|963|238|589|175|256|2023-08-02|true|48|2020-12-22
deleniti|522|623|63|951|369|2021-04-03|true|186|2024-08-26
consectetur|412|870|123|81|536|2016-09-14|true|997|2018-06-24
pectus|901|950|171|25|442|2020-11-11|false|950|2026-03-05
dedico|592|626|608|254|804|2024-10-30|true|678|2022-09-22
thorax|487|454|712|667|158|2026-01-06|true|828|2020-12-30
vesco|202|530|342|582|387|2019-03-30|false|377|2026-01-19
causa|765|397|460|321|477|2019-03-31|true|791|2023-11-03
autus|236|366|274|700|906|2019-12-31|true|267|2024-10-02
valde|291|563|546|240|431|2016-08-07|false|173|2019-02-23
spero|335|184|908|468|556|2022-05-23|true|84|2022-02-04
alius|376|842|253|287|415|2018-02-21|true|667|2017-02-16
modi|804|141|604|469|786|2022-10-21|true|785|2017-05-16
amplexus|335|140|373|422|567|2019-01-19|true|563|2017-02-20
veritatis|319|902|994|484|498|2018-06-01|true|248|2025-10-24
articulus|586|71|729|861|610|2020-09-20|false|957|2025-11-22
verus|807|291|290|940|402|2022-07-06|true|129|2021-11-04
ante|921|810|664|168|252|2025-10-29|true|851|2024-05-06
caelestis|437|508|372|429|123|2018-01-16|false|705|2019-05-08
dolore|567|799|1000|590|395|2020-05-06|true|975|2022-04-19
pel|69|839|608|970|912|2020-08-25|false|636|2021-05-01
texo|818|111|884|694|734|2018-03-27|false|317|2022-04-08
esse|174|920|452|560|733|2019-04-26|false|432|2016-10-08
utique|573|844|79|427|952|2019-02-24|false|216|2016-08-16
deripio|550|395|820|60|12|2020-07-03|false|210|2026-04-20
admoveo|973|438|723|896|438|2017-11-27|false|117|2019-11-21
reiciendis|781|1000|619|685|949|2023-12-20|true|510|2023-02-14
vesica|495|719|73|244|87|2023-12-06|true|661|2019-11-17
tamdiu|87|597|279|584|323|2023-10-08|false|434|2019-11-01
color|656|375|462|256|593|2018-02-08|true|20|2017-05-13
subito|928|419|766|927|792|2017-12-19|true|801|2024-11-08
conspergo|358|181|864|688|815|2016-06-21|true|146|2025-10-05
arca|452|441|134|563|662|2017-04-13|true|217|2020-05-11
spes|695|81|94|777|127|2025-02-06|false|433|2025-10-04
cuius|430|55|808|263|309|2025-03-10|true|482|2020-07-17
cui|237|230|538|27|922|2026-01-05|true|752|2023-02-18
calculus|307|388|209|233|518|2021-01-03|true|214|2024-10-29
et|509|315|385|874|120|2018-01-09|false|154|2020-02-13
decipio|948|458|598|56|704|2021-01-12|false|763|2018-03-07
perferendis|666|354|465|720|860|2018-02-11|true|834|2024-06-24
culpa|566|325|931|941|651|2022-11-14|true|221|2019-12-03
error|393|871|478|560|464|2017-04-08|false|140|2025-06-09
aetas|69|598|319|81|77|2026-03-16|true|143|2026-03-28
pecto|748|996|742|277|919|2019-12-22|false|865|2022-03-09
utrimque|45|58|285|57|746|2017-02-04|false|224|2018-10-18
coniecto|968|937|996|989|912|2017-07-26|false|852|2024-11-19
accendo|917|35|389|766|394|2019-09-12|true|910|2024-06-18
cerno|800|845|460|993|269|2023-07-17|false|214|2016-06-04
aro|494|658|490|517|641|2019-10-29|true|741|2024-05-28
absorbeo|420|363|623|971|693|2024-04-14|false|659|2026-03-01
deficio|99|219|874|503|77|2022-02-26|true|990|2024-12-08
bis|171|665|964|810|170|2023-03-01|true|735|2020-06-30
temeritas|376|254|272|451|732|2024-05-01|false|645|2025-10-22
viduo|476|642|747|316|743|2018-04-24|false|293|2018-03-14
vociferor|82|288|820|317|400|2023-12-29|false|68|2025-12-20
crudelis|427|822|52|362|0|2022-08-18|true|676|2019-11-04
cito|981|698|580|282|827|2019-02-12|true|250|2022-02-01
turba|141|244|600|256|458|2025-12-05|true|266|2025-08-16
alter|810|671|275|56|90|2021-08-30|true|697|2022-09-11
desidero|645|293|861|16|254|2025-05-07|false|933|2022-10-13
brevis|73|301|496|81|744|2019-09-12|false|947|2025-09-07
voluptatem|749|261|12|689|364|2017-04-27|true|173|2025-04-05
ea|230|844|955|906|22|2017-11-23|true|377|2022-01-18
terra|984|878|974|179|769|2022-11-11|true|957|2016-12-07
caterva|396|127|986|978|757|2021-04-29|true|492|2026-01-27
caveo|158|356|709|557|746|2026-03-13|false|413|2016-12-24
degero|687|749|600|82|413|2018-09-27|true|530|2020-07-17
ipsum|810|235|534|458|149|2022-03-15|true|146|2023-05-26
auxilium|752|324|35|954|536|2021-08-16|false|920|2025-08-09
carpo|328|131|392|709|217|2024-02-20|false|943|2016-11-20
undique|223|141|775|915|708|2018-02-28|true|209|2019-11-20
sursum|967|46|435|870|64|2023-11-02|false|167|2018-08-24
vivo|562|464|307|128|406|2021-03-24|false|773|2019-01-02
supellex|695|407|43|971|961|2022-12-20|false|820|2018-02-21
sustineo|989|553|986|503|741|2026-01-21|true|559|2016-05-31
repellat|377|206|386|365|404|2021-02-18|false|320|2023-12-07
claudeo|886|167|866|931|860|2026-02-01|false|208|2016-07-30
adhuc|807|216|235|216|819|2017-08-06|true|194|2025-06-06
bos|342|621|332|683|592|2024-04-09|true|910|2023-04-23
molestias|822|515|609|785|973|2024-12-17|false|121|2017-11-10
termes|414|103|483|562|646|2022-04-09|true|833|2022-04-12
votum|915|513|465|672|134|2017-04-16|false|761|2019-09-15
desidero|63|426|851|861|674|2023-11-09|false|305|2020-07-01
demo|343|292|132|172|203|2022-06-30|true|205|2018-10-27
celo|480|521|911|273|961|2025-07-24|false|10|2017-12-10
acerbitas|642|449|570|563|566|2022-11-14|true|272|2020-08-17
creta|235|189|115|216|781|2019-09-19|false|535|2021-07-26
corroboro|336|785|29|683|936|2020-10-21|false|941|2019-07-31
blanditiis|192|797|509|983|481|2023-11-18|true|315|2021-11-30
desidero|176|761|491|314|605|2025-03-25|true|737|2019-11-30
arx|244|586|311|418|758|2025-11-08|true|966|2026-01-05
exercitationem|517|502|613|519|318|2018-10-04|false|681|2021-07-23
speculum|963|724|820|898|127|2023-02-27|false|473|2024-06-25
error|663|995|573|297|268|2022-05-26|false|314|2026-04-13
agnosco|402|303|522|706|672|2020-12-27|true|259|2016-06-22
canonicus|541|158|165|21|526|2017-09-22|true|971|2021-03-27
voluptas|920|988|358|998|751|2022-12-14|false|968|2017-11-22
arx|852|828|854|233|617|2025-02-09|false|3|2017-01-07
denuo|967|945|675|659|201|2017-07-31|true|355|2018-02-26
voveo|867|536|286|72|869|2026-04-05|true|597|2025-02-07
aggredior|6|357|689|413|132|2016-11-03|true|34|2020-12-12
doloremque|814|929|444|156|819|2019-02-22|true|7|2019-03-11
paulatim|202|607|57|405|731|2019-09-07|false|59|2021-06-15
caritas|857|460|27|913|448|2020-06-30|false|610|2021-12-29
confero|40|634|74|860|940|2016-07-15|false|373|2020-01-30
subito|604|165|853|540|538|2019-02-04|false|140|2020-07-16
adiuvo|331|491|594|683|533|2021-04-30|false|754|2016-07-09
velum|328|608|154|906|298|2019-11-16|false|278|2023-10-27
pel|720|689|624|616|180|2024-10-19|false|439|2022-03-02
conitor|134|504|42|310|773|2024-04-06|true|139|2019-09-22
appono|513|429|704|158|73|2024-12-25|true|626|2019-03-08
accusator|738|778|27|736|246|2024-05-01|true|569|2023-01-29
clamo|723|595|532|513|65|2019-08-02|false|890|2021-10-29
theologus|426|761|105|431|318|2024-12-12|false|881|2016-10-07
conculco|6|761|205|120|960|2018-05-16|true|724|2018-07-13
creptio|956|166|553|955|154|2019-01-20|false|306|2020-06-17
adfero|856|397|491|312|323|2018-10-01|false|600|2019-11-26
aptus|224|54|663|742|847|2020-08-03|true|414|2026-01-15
solum|633|188|3|920|514|2019-07-13|false|467|2025-03-16
soleo|943|745|461|623|939|2023-10-06|true|676|2023-01-05
trucido|106|271|29|742|430|2024-06-19|true|393|2020-03-11
denuncio|909|231|76|988|98|2022-09-20|true|800|2023-05-27
artificiose|490|791|962|115|342|2019-01-19|false|903|2017-08-20
volup|51|179|700|491|765|2019-02-19|true|75|2019-08-09
amor|568|659|179|333|108|2019-02-12|true|185|2018-04-29
aliqua|408|13|389|216|580|2023-06-14|false|105|2019-09-28
surculus|715|762|486|714|764|2016-10-23|false|382|2016-05-29
deprecator|1000|26|377|984|967|2021-03-24|true|877|2024-02-27
delibero|67|80|265|980|694|2019-08-03|true|915|2024-12-31
delego|710|984|989|580|380|2024-03-06|true|8|2023-07-05
capto|936|184|327|154|329|2022-12-23|false|934|2021-01-25
ater|842|998|864|430|690|2018-07-13|false|849|2025-06-21
capitulus|677|404|740|113|845|2025-02-09|false|293|2020-02-28
dolor|870|53|273|239|981|2020-09-16|false|412|2019-07-24
depopulo|839|956|731|28|439|2022-03-16|false|575|2024-08-09
clam|54|165|481|499|152|2017-05-11|false|172|2023-08-05
casso|423|658|69|837|19|2021-07-11|true|849|2019-01-19
veritas|86|802|14|888|656|2021-01-12|true|594|2022-01-21
copiose|972|241|35|635|176|2018-02-05|true|205|2023-05-23
avaritia|208|107|843|83|338|2019-06-07|false|216|2023-01-10
cornu|144|502|791|727|726|2018-11-01|true|850|2019-02-20
sol|73|913|638|577|370|2022-03-03|false|741|2020-07-29
tondeo|936|232|546|400|604|2025-09-21|true|592|2023-04-15
ubi|474|364|542|475|458|2025-08-09|false|544|2023-02-08
viriliter|713|953|320|123|95|2020-10-13|false|740|2025-09-29
aestus|436|427|958|829|288|2026-03-17|false|594|2017-01-21
vado|679|984|263|574|502|2019-05-15|true|607|2023-04-26
deludo|108|454|966|56|577|2025-06-07|true|287|2023-11-04
combibo|594|994|994|74|94|2026-01-01|false|755|2022-09-08
voluptas|486|250|145|169|619|2018-07-28|true|226|2025-02-19
vacuus|215|832|650|285|501|2023-01-04|false|320|2020-09-29
tepidus|236|544|579|463|801|2017-05-16|false|987|2022-08-29
cui|482|981|803|596|197|2020-09-24|false|485|2023-10-08
thymum|56|426|306|348|717|2025-05-10|true|474|2024-11-26
validus|524|108|287|113|273|2019-05-03|true|26|2020-10-14
aro|315|183|987|228|967|2022-10-04|true|306|2021-09-15
patior|88|102|601|812|979|2019-09-30|false|505|2021-05-06
denuo|361|430|783|575|330|2025-10-07|true|770|2024-12-12
aurum|921|754|113|782|896|2019-03-10|false|230|2016-09-27
trans|985|50|199|716|111|2023-06-12|true|458|2016-11-30
pariatur|156|64|931|685|697|2017-12-18|true|189|2019-01-08
distinctio|13|220|829|914|630|2023-04-15|true|115|2025-10-25
comis|622|512|728|353|38|2019-09-16|true|551|2022-06-05
nesciunt|688|307|761|995|667|2023-09-28|false|780|2024-10-23
totus|723|831|669|40|890|2022-04-30|false|385|2018-06-14
delibero|394|613|230|492|957|2022-12-14|false|633|2019-06-28
veniam|366|727|241|867|806|2024-04-25|true|445|2025-04-07
uxor|626|988|385|334|827|2021-04-24|false|227|2022-12-13
vehemens|757|805|613|526|433|2019-05-06|false|851|2024-04-28
cum|503|273|53|561|943|2023-09-23|false|398|2024-02-10
alveus|175|298|273|528|451|2017-04-05|false|797|2016-05-10
congregatio|290|14|317|818|865|2017-06-24|false|613|2017-12-23
id|788|748|210|251|895|2018-03-10|false|902|2023-04-01
deripio|856|989|517|65|269|2024-10-24|true|575|2022-04-30
campana|728|388|650|671|887|2018-09-20|false|629|2017-10-29
vomito|773|401|416|318|423|2020-09-22|true|83|2019-02-12
conculco|104|609|600|628|694|2018-01-22|true|914|2018-12-05
claustrum|266|808|528|615|124|2016-06-19|false|187|2024-09-07
qui|316|769|88|998|504|2026-02-24|false|959|2025-02-24
assentator|725|701|525|579|960|2017-06-04|false|444|2022-04-15
vesco|747|997|917|364|269|2023-08-27|false|585|2017-05-01
nisi|783|936|284|482|601|2018-03-03|false|344|2021-12-07
teneo|183|397|522|775|282|2019-02-08|true|176|2016-05-14
cupressus|624|605|529|17|273|2016-09-26|false|869|2021-12-06
vulgivagus|439|480|536|772|607|2020-08-28|false|828|2021-05-14
fugit|755|527|753|993|275|2020-11-02|false|679|2022-10-20
odit|620|934|975|404|643|2024-09-07|true|866|2017-07-11
utroque|470|697|47|879|134|2022-10-16|true|417|2017-03-01
attero|468|572|397|418|600|2017-09-05|true|613|2020-11-20
astrum|127|613|536|312|73|2020-02-25|true|691|2023-08-05
validus|900|364|506|584|300|2022-05-31|false|128|2019-06-23
ab|225|344|676|621|549|2018-03-14|true|346|2021-03-27
illo|203|295|836|509|628|2025-02-24|true|3|2024-07-06
subvenio|836|743|817|285|804|2018-08-21|false|468|2025-08-11
solus|327|188|178|490|218|2018-06-26|true|862|2019-07-19
summopere|21|406|293|543|257|2020-10-23|false|594|2022-02-19
bardus|0|595|592|885|319|2022-03-12|true|251|2022-07-29
verumtamen|613|267|295|339|122|2020-05-02|false|226|2026-02-04
speciosus|560|592|864|810|806|2020-04-18|true|813|2024-02-16
vito|871|833|708|429|925|2016-08-30|false|635|2023-05-02
crapula|841|153|406|226|140|2022-06-13|false|986|2022-01-17
agnosco|128|200|254|366|275|2019-03-25|true|958|2022-01-19
delectatio|345|272|319|255|495|2018-07-08|false|294|2019-06-01
ara|909|590|197|116|939|2022-11-24|false|133|2022-06-23
versus|845|581|642|537|504|2021-12-15|true|719|2016-11-25
tabgo|172|795|168|563|262|2024-05-26|false|772|2017-01-13
vilitas|253|460|247|654|894|2022-06-15|false|928|2018-06-03